{
    "tickers": [
        "AC.PA",
        "ACA.PA",
        "AI.PA",
        "BN.PA",
        "CAP.PA",
        "BNP.PA",
        "ABT"
    ],
    "weights": {
        "AC.PA": 0.14285714285714285,
        "ACA.PA": 0.14285714285714285,
        "AI.PA": 0.14285714285714285,
        "BN.PA": 0.14285714285714285,
        "CAP.PA": 0.14285714285714285,
        "BNP.PA": 0.14285714285714285,
        "ABT": 0.14285714285714285
    },
    "asset_class": [
        "CAC 40 (France)",
        "S&P 500 (USA - Major)"
    ]
}