{
    "tickers": [
        "MC.PA",
        "TTE.PA",
        "SAN.PA",
        "AIR.PA",
        "AAPL",
        "MSFT",
        "GOOGL",
        "AMZN",
        "BA",
        "BCH-USD",
        "BDX",
        "BK",
        "BKNG",
        "BKR",
        "BLK"
    ],
    "weights": {
        "MC.PA": 0.06666666666666667,
        "TTE.PA": 0.06666666666666667,
        "SAN.PA": 0.06666666666666667,
        "AIR.PA": 0.06666666666666667,
        "AAPL": 0.06666666666666667,
        "MSFT": 0.06666666666666667,
        "GOOGL": 0.06666666666666667,
        "AMZN": 0.06666666666666667,
        "BA": 0.06666666666666667,
        "BCH-USD": 0.06666666666666667,
        "BDX": 0.06666666666666667,
        "BK": 0.06666666666666667,
        "BKNG": 0.06666666666666667,
        "BKR": 0.06666666666666667,
        "BLK": 0.06666666666666667
    },
    "asset_class": [
        "CAC 40 (France)",
        "S&P 500 (USA - Major)",
        "Crypto Top 20"
    ]
}