{
    "tickers": [
        "AC.PA",
        "ACA.PA",
        "AI.PA",
        "BN.PA",
        "CAP.PA",
        "BNP.PA",
        "ATO.PA",
        "ABT"
    ],
    "weights": {
        "AC.PA": 0.07598784194528875,
        "ACA.PA": 0.07598784194528875,
        "AI.PA": 0.07598784194528875,
        "BN.PA": 0.07598784194528875,
        "CAP.PA": 0.07598784194528875,
        "BNP.PA": 0.07598784194528875,
        "ATO.PA": 0.46808510638297873,
        "ABT": 0.07598784194528875
    },
    "asset_class": [
        "CAC 40 (France)",
        "S&P 500 (USA - Major)"
    ]
}