{
    "tickers": [
        "AC.PA",
        "ACA.PA",
        "AI.PA"
    ],
    "weights": {
        "AC.PA": 0.3333333333333333,
        "ACA.PA": 0.3333333333333333,
        "AI.PA": 0.3333333333333333
    },
    "asset_class": [
        "CAC 40 (France)"
    ]
}