{
    "tickers": [
        "MC.PA",
        "TTE.PA",
        "SAN.PA",
        "AIR.PA",
        "AI.PA",
        "ALO.PA",
        "ATO.PA",
        "BNP.PA",
        "BN.PA"
    ],
    "weights": {
        "MC.PA": 0.1111111111111111,
        "TTE.PA": 0.1111111111111111,
        "SAN.PA": 0.1111111111111111,
        "AIR.PA": 0.1111111111111111,
        "AI.PA": 0.1111111111111111,
        "ALO.PA": 0.1111111111111111,
        "ATO.PA": 0.1111111111111111,
        "BNP.PA": 0.1111111111111111,
        "BN.PA": 0.1111111111111111
    },
    "asset_class": "CAC 40 (France)"
}